Test Brier Score,Test Loss, Test Accuracy
0.19009248623710526, 0.5632498777759899, 0.7039800995024875